date,action,turnover,cost,holdings,buys,sells,holds,num_buys,num_sells,period
2024-01-05,rebalance,1.0,0.0011,"HINDUNILVR.NS, ADANIENT.NS, HCLTECH.NS, LTIM.NS, HDFCBANK.NS, ASIANPAINT.NS, HEROMOTOCO.NS, ULTRACEMCO.NS, HINDALCO.NS, INFY.NS, TECHM.NS, TCS.NS, BAJFINANCE.NS, BHARTIARTL.NS, TATACONSUM.NS","BHARTIARTL.NS, INFY.NS, ULTRACEMCO.NS, TCS.NS, HDFCBANK.NS, TECHM.NS, TATACONSUM.NS, HINDUNILVR.NS, ASIANPAINT.NS, BAJFINANCE.NS, ADANIENT.NS, HINDALCO.NS, LTIM.NS, HCLTECH.NS, HEROMOTOCO.NS",,[],15,0,Validation
2024-01-12,rebalance,1.4057978057406033,0.0015463775863146637,"INFY.NS, NTPC.NS, HINDALCO.NS, ADANIENT.NS, LTIM.NS, ADANIPORTS.NS, COALINDIA.NS, WIPRO.NS, DRREDDY.NS, TITAN.NS, BPCL.NS, TCS.NS, TECHM.NS, TATASTEEL.NS, ONGC.NS","ADANIPORTS.NS, WIPRO.NS, BPCL.NS, ONGC.NS, TITAN.NS, DRREDDY.NS, TATASTEEL.NS, NTPC.NS, COALINDIA.NS","BHARTIARTL.NS, ULTRACEMCO.NS, HDFCBANK.NS, TATACONSUM.NS, HINDUNILVR.NS, ASIANPAINT.NS, BAJFINANCE.NS, HCLTECH.NS, HEROMOTOCO.NS","['INFY.NS', 'TCS.NS', 'TECHM.NS', 'ADANIENT.NS', 'HINDALCO.NS', 'LTIM.NS']",9,9,Validation
2024-01-19,rebalance,1.0598265580928814,0.0011658092139021697,"ADANIENT.NS, COALINDIA.NS, ADANIPORTS.NS, ITC.NS, NTPC.NS, BAJAJ-AUTO.NS, INFY.NS, SHRIRAMFIN.NS, SUNPHARMA.NS, DRREDDY.NS, TATASTEEL.NS, TITAN.NS, APOLLOHOSP.NS, SBILIFE.NS, HEROMOTOCO.NS","APOLLOHOSP.NS, BAJAJ-AUTO.NS, SUNPHARMA.NS, SBILIFE.NS, ITC.NS, SHRIRAMFIN.NS, HEROMOTOCO.NS","WIPRO.NS, BPCL.NS, ONGC.NS, TCS.NS, TECHM.NS, HINDALCO.NS, LTIM.NS","['ADANIPORTS.NS', 'INFY.NS', 'TITAN.NS', 'TATASTEEL.NS', 'DRREDDY.NS', 'ADANIENT.NS', 'NTPC.NS', 'COALINDIA.NS']",7,7,Validation
2024-02-02,rebalance,1.3986728216208117,0.001538540103782893,"NTPC.NS, ADANIPORTS.NS, TECHM.NS, POWERGRID.NS, TRENT.NS, ADANIENT.NS, HCLTECH.NS, TATACONSUM.NS, MARUTI.NS, APOLLOHOSP.NS, BHARTIARTL.NS, ICICIBANK.NS, GRASIM.NS, TCS.NS, INFY.NS","BHARTIARTL.NS, ICICIBANK.NS, TRENT.NS, TCS.NS, TECHM.NS, TATACONSUM.NS, GRASIM.NS, MARUTI.NS, POWERGRID.NS, HCLTECH.NS","BAJAJ-AUTO.NS, TITAN.NS, TATASTEEL.NS, DRREDDY.NS, SUNPHARMA.NS, SBILIFE.NS, ITC.NS, SHRIRAMFIN.NS, COALINDIA.NS, HEROMOTOCO.NS","['ADANIPORTS.NS', 'APOLLOHOSP.NS', 'INFY.NS', 'ADANIENT.NS', 'NTPC.NS']",10,10,Validation
2024-02-09,rebalance,0.826795735206192,0.0009094753087268112,"SBIN.NS, TRENT.NS, GRASIM.NS, ADANIENT.NS, MARUTI.NS, SHRIRAMFIN.NS, ONGC.NS, BHARTIARTL.NS, INFY.NS, TECHM.NS, POWERGRID.NS, TATASTEEL.NS, COALINDIA.NS, ADANIPORTS.NS, NTPC.NS","ONGC.NS, TATASTEEL.NS, SBIN.NS, SHRIRAMFIN.NS, COALINDIA.NS","APOLLOHOSP.NS, ICICIBANK.NS, TCS.NS, TATACONSUM.NS, HCLTECH.NS","['ADANIPORTS.NS', 'BHARTIARTL.NS', 'INFY.NS', 'TRENT.NS', 'MARUTI.NS', 'TECHM.NS', 'GRASIM.NS', 'ADANIENT.NS', 'POWERGRID.NS', 'NTPC.NS']",5,5,Validation
2024-02-16,rebalance,0.7359669649777997,0.0008095636614755797,"M&M.NS, BHARTIARTL.NS, ADANIENT.NS, SHRIRAMFIN.NS, POWERGRID.NS, SBILIFE.NS, EICHERMOT.NS, NTPC.NS, SBIN.NS, TATASTEEL.NS, HCLTECH.NS, INFY.NS, SUNPHARMA.NS, ADANIPORTS.NS, MARUTI.NS","M&M.NS, HCLTECH.NS, SUNPHARMA.NS, SBILIFE.NS, EICHERMOT.NS","TRENT.NS, ONGC.NS, TECHM.NS, GRASIM.NS, COALINDIA.NS","['ADANIPORTS.NS', 'BHARTIARTL.NS', 'INFY.NS', 'ADANIENT.NS', 'TATASTEEL.NS', 'SBIN.NS', 'SHRIRAMFIN.NS', 'MARUTI.NS', 'POWERGRID.NS', 'NTPC.NS']",5,5,Validation
2024-02-23,rebalance,0.9870326606050459,0.0010857359266655505,"COALINDIA.NS, SBIN.NS, TCS.NS, M&M.NS, EICHERMOT.NS, HCLTECH.NS, ADANIENT.NS, MARUTI.NS, NTPC.NS, GRASIM.NS, SBILIFE.NS, TATACONSUM.NS, NESTLEIND.NS, AXISBANK.NS, TRENT.NS","TRENT.NS, AXISBANK.NS, TCS.NS, TATACONSUM.NS, GRASIM.NS, COALINDIA.NS, NESTLEIND.NS","ADANIPORTS.NS, BHARTIARTL.NS, INFY.NS, TATASTEEL.NS, SUNPHARMA.NS, SHRIRAMFIN.NS, POWERGRID.NS","['EICHERMOT.NS', 'M&M.NS', 'ADANIENT.NS', 'SBILIFE.NS', 'SBIN.NS', 'MARUTI.NS', 'NTPC.NS', 'HCLTECH.NS']",7,7,Validation
2024-03-01,rebalance,1.3403901052329927,0.0014744291157562921,"BPCL.NS, BAJAJ-AUTO.NS, ONGC.NS, COALINDIA.NS, LT.NS, TITAN.NS, WIPRO.NS, HCLTECH.NS, SBIN.NS, TATASTEEL.NS, TCS.NS, AXISBANK.NS, DRREDDY.NS, TRENT.NS, ADANIPORTS.NS","ADANIPORTS.NS, BPCL.NS, WIPRO.NS, LT.NS, BAJAJ-AUTO.NS, ONGC.NS, TITAN.NS, TATASTEEL.NS, DRREDDY.NS","M&M.NS, ADANIENT.NS, TATACONSUM.NS, GRASIM.NS, SBILIFE.NS, MARUTI.NS, NTPC.NS, EICHERMOT.NS, NESTLEIND.NS","['TRENT.NS', 'AXISBANK.NS', 'TCS.NS', 'SBIN.NS', 'COALINDIA.NS', 'HCLTECH.NS']",9,9,Validation
2024-03-15,rebalance,1.630176802326753,0.0017931944825594285,"TRENT.NS, HDFCBANK.NS, GRASIM.NS, ITC.NS, HINDALCO.NS, ICICIBANK.NS, MARUTI.NS, SBILIFE.NS, NESTLEIND.NS, HDFCLIFE.NS, CIPLA.NS, BHARTIARTL.NS, BAJAJ-AUTO.NS, LT.NS, TCS.NS","BHARTIARTL.NS, ICICIBANK.NS, CIPLA.NS, HDFCBANK.NS, GRASIM.NS, SBILIFE.NS, ITC.NS, MARUTI.NS, HINDALCO.NS, HDFCLIFE.NS, NESTLEIND.NS","ADANIPORTS.NS, BPCL.NS, WIPRO.NS, AXISBANK.NS, ONGC.NS, TITAN.NS, TATASTEEL.NS, DRREDDY.NS, SBIN.NS, COALINDIA.NS, HCLTECH.NS","['LT.NS', 'TCS.NS', 'BAJAJ-AUTO.NS', 'TRENT.NS']",11,11,Validation
2024-04-05,rebalance,1.2109211975407896,0.0013320133172948687,"TRENT.NS, KOTAKBANK.NS, HINDALCO.NS, SHRIRAMFIN.NS, BAJFINANCE.NS, DIVISLAB.NS, MARUTI.NS, ITC.NS, ASIANPAINT.NS, BAJAJ-AUTO.NS, HDFCLIFE.NS, JSWSTEEL.NS, EICHERMOT.NS, APOLLOHOSP.NS, LT.NS","KOTAKBANK.NS, APOLLOHOSP.NS, JSWSTEEL.NS, DIVISLAB.NS, ASIANPAINT.NS, BAJFINANCE.NS, SHRIRAMFIN.NS, EICHERMOT.NS","BHARTIARTL.NS, ICICIBANK.NS, CIPLA.NS, TCS.NS, HDFCBANK.NS, GRASIM.NS, SBILIFE.NS, NESTLEIND.NS","['LT.NS', 'BAJAJ-AUTO.NS', 'TRENT.NS', 'ITC.NS', 'MARUTI.NS', 'HINDALCO.NS', 'HDFCLIFE.NS']",8,8,Validation
2024-04-12,rebalance,0.7931020512061242,0.0008724122563267367,"TATASTEEL.NS, HDFCBANK.NS, APOLLOHOSP.NS, BAJAJ-AUTO.NS, DIVISLAB.NS, SHRIRAMFIN.NS, KOTAKBANK.NS, BAJFINANCE.NS, ICICIBANK.NS, ITC.NS, MARUTI.NS, GRASIM.NS, ADANIENT.NS, HINDALCO.NS, JSWSTEEL.NS","ICICIBANK.NS, HDFCBANK.NS, TATASTEEL.NS, GRASIM.NS, ADANIENT.NS","LT.NS, HDFCLIFE.NS, TRENT.NS, ASIANPAINT.NS, EICHERMOT.NS","['KOTAKBANK.NS', 'APOLLOHOSP.NS', 'BAJAJ-AUTO.NS', 'JSWSTEEL.NS', 'DIVISLAB.NS', 'HINDALCO.NS', 'SHRIRAMFIN.NS', 'MARUTI.NS', 'BAJFINANCE.NS', 'ITC.NS']",5,5,Validation
2024-04-19,rebalance,1.1475078104663776,0.0012622585915130155,"ONGC.NS, COALINDIA.NS, POWERGRID.NS, BAJAJ-AUTO.NS, HINDALCO.NS, TATASTEEL.NS, ADANIPORTS.NS, RELIANCE.NS, GRASIM.NS, M&M.NS, SBIN.NS, KOTAKBANK.NS, JSWSTEEL.NS, NTPC.NS, BAJFINANCE.NS","ADANIPORTS.NS, M&M.NS, ONGC.NS, SBIN.NS, RELIANCE.NS, NTPC.NS, POWERGRID.NS, COALINDIA.NS","APOLLOHOSP.NS, ICICIBANK.NS, ADANIENT.NS, HDFCBANK.NS, DIVISLAB.NS, SHRIRAMFIN.NS, MARUTI.NS, ITC.NS","['KOTAKBANK.NS', 'BAJAJ-AUTO.NS', 'JSWSTEEL.NS', 'TATASTEEL.NS', 'GRASIM.NS', 'BAJFINANCE.NS', 'HINDALCO.NS']",8,8,Validation
2024-04-26,rebalance,0.9137212111656208,0.001005093332282183,"COALINDIA.NS, POWERGRID.NS, ONGC.NS, SHRIRAMFIN.NS, NTPC.NS, ITC.NS, SBIN.NS, AXISBANK.NS, BHARTIARTL.NS, ICICIBANK.NS, HDFCBANK.NS, M&M.NS, TATASTEEL.NS, GRASIM.NS, HINDALCO.NS","BHARTIARTL.NS, ICICIBANK.NS, AXISBANK.NS, HDFCBANK.NS, SHRIRAMFIN.NS, ITC.NS","ADANIPORTS.NS, KOTAKBANK.NS, BAJAJ-AUTO.NS, JSWSTEEL.NS, BAJFINANCE.NS, RELIANCE.NS","['M&M.NS', 'NTPC.NS', 'ONGC.NS', 'TATASTEEL.NS', 'GRASIM.NS', 'SBIN.NS', 'POWERGRID.NS', 'HINDALCO.NS', 'COALINDIA.NS']",6,6,Validation
2024-05-03,rebalance,0.5890659904612763,0.000647972589507404,"BPCL.NS, COALINDIA.NS, POWERGRID.NS, NTPC.NS, SHRIRAMFIN.NS, AXISBANK.NS, GRASIM.NS, ONGC.NS, HDFCBANK.NS, EICHERMOT.NS, ITC.NS, SBIN.NS, ICICIBANK.NS, DIVISLAB.NS, TRENT.NS","BPCL.NS, DIVISLAB.NS, EICHERMOT.NS, TRENT.NS","BHARTIARTL.NS, M&M.NS, HINDALCO.NS, TATASTEEL.NS","['ICICIBANK.NS', 'AXISBANK.NS', 'ONGC.NS', 'HDFCBANK.NS', 'GRASIM.NS', 'SBIN.NS', 'SHRIRAMFIN.NS', 'ITC.NS', 'POWERGRID.NS', 'NTPC.NS', 'COALINDIA.NS']",4,4,Validation
2024-05-17,rebalance,1.0833065533619326,0.001191637208698126,"BPCL.NS, ADANIPORTS.NS, COALINDIA.NS, WIPRO.NS, HEROMOTOCO.NS, BRITANNIA.NS, ULTRACEMCO.NS, EICHERMOT.NS, NTPC.NS, TRENT.NS, POWERGRID.NS, TATASTEEL.NS, HINDUNILVR.NS, DIVISLAB.NS, ITC.NS","ADANIPORTS.NS, WIPRO.NS, ULTRACEMCO.NS, BRITANNIA.NS, TATASTEEL.NS, HINDUNILVR.NS, HEROMOTOCO.NS","ICICIBANK.NS, AXISBANK.NS, ONGC.NS, HDFCBANK.NS, GRASIM.NS, SBIN.NS, SHRIRAMFIN.NS","['BPCL.NS', 'COALINDIA.NS', 'TRENT.NS', 'DIVISLAB.NS', 'ITC.NS', 'POWERGRID.NS', 'NTPC.NS', 'EICHERMOT.NS']",7,7,Validation
2024-05-24,rebalance,1.0338183255680535,0.001137200158124859,"ADANIPORTS.NS, BAJAJ-AUTO.NS, ADANIENT.NS, HEROMOTOCO.NS, POWERGRID.NS, NTPC.NS, BPCL.NS, INFY.NS, CIPLA.NS, TATASTEEL.NS, RELIANCE.NS, HINDUNILVR.NS, ULTRACEMCO.NS, LTIM.NS, ICICIBANK.NS","ICICIBANK.NS, INFY.NS, BAJAJ-AUTO.NS, CIPLA.NS, ADANIENT.NS, RELIANCE.NS, LTIM.NS","WIPRO.NS, TRENT.NS, BRITANNIA.NS, DIVISLAB.NS, ITC.NS, COALINDIA.NS, EICHERMOT.NS","['ADANIPORTS.NS', 'BPCL.NS', 'ULTRACEMCO.NS', 'TATASTEEL.NS', 'HINDUNILVR.NS', 'POWERGRID.NS', 'NTPC.NS', 'HEROMOTOCO.NS']",7,7,Validation
2024-06-07,rebalance,1.3032522969861229,0.0014335775266847352,"TRENT.NS, BAJAJ-AUTO.NS, RELIANCE.NS, TATACONSUM.NS, TITAN.NS, BHARTIARTL.NS, LTIM.NS, WIPRO.NS, APOLLOHOSP.NS, SHRIRAMFIN.NS, MARUTI.NS, HDFCLIFE.NS, INFY.NS, HINDALCO.NS, EICHERMOT.NS","BHARTIARTL.NS, WIPRO.NS, APOLLOHOSP.NS, HDFCLIFE.NS, TRENT.NS, TITAN.NS, TATACONSUM.NS, SHRIRAMFIN.NS, MARUTI.NS, HINDALCO.NS, EICHERMOT.NS","BPCL.NS, ICICIBANK.NS, ULTRACEMCO.NS, CIPLA.NS, TATASTEEL.NS, HINDUNILVR.NS, POWERGRID.NS, HEROMOTOCO.NS","['RELIANCE.NS', 'BAJAJ-AUTO.NS', 'INFY.NS', 'LTIM.NS']",11,8,Validation
2024-06-14,rebalance,1.3688153473256865,0.0015056968820582554,"SBIN.NS, GRASIM.NS, ADANIENT.NS, HCLTECH.NS, ULTRACEMCO.NS, COALINDIA.NS, BAJAJ-AUTO.NS, TITAN.NS, HINDUNILVR.NS, WIPRO.NS, ADANIPORTS.NS, POWERGRID.NS, ASIANPAINT.NS, BRITANNIA.NS, INFY.NS","ADANIPORTS.NS, ULTRACEMCO.NS, BRITANNIA.NS, HCLTECH.NS, GRASIM.NS, HINDUNILVR.NS, SBIN.NS, ASIANPAINT.NS, ADANIENT.NS, POWERGRID.NS, COALINDIA.NS","BHARTIARTL.NS, APOLLOHOSP.NS, HDFCLIFE.NS, TRENT.NS, TATACONSUM.NS, SHRIRAMFIN.NS, MARUTI.NS, RELIANCE.NS, HINDALCO.NS, LTIM.NS, EICHERMOT.NS","['WIPRO.NS', 'TITAN.NS', 'INFY.NS', 'BAJAJ-AUTO.NS']",11,11,Validation
2024-06-21,rebalance,1.1178537269679778,0.0012296390996647756,"HEROMOTOCO.NS, ULTRACEMCO.NS, HDFCLIFE.NS, BHARTIARTL.NS, HCLTECH.NS, DIVISLAB.NS, BAJAJ-AUTO.NS, ICICIBANK.NS, WIPRO.NS, BAJFINANCE.NS, AXISBANK.NS, TATASTEEL.NS, HINDUNILVR.NS, INFY.NS, CIPLA.NS","BHARTIARTL.NS, ICICIBANK.NS, AXISBANK.NS, CIPLA.NS, TATASTEEL.NS, DIVISLAB.NS, BAJFINANCE.NS, HDFCLIFE.NS, HEROMOTOCO.NS","ADANIPORTS.NS, BRITANNIA.NS, TITAN.NS, GRASIM.NS, SBIN.NS, ASIANPAINT.NS, ADANIENT.NS, POWERGRID.NS, COALINDIA.NS","['WIPRO.NS', 'INFY.NS', 'BAJAJ-AUTO.NS', 'ULTRACEMCO.NS', 'HINDUNILVR.NS', 'HCLTECH.NS']",9,9,Validation
2024-06-28,rebalance,1.3810003109664493,0.0015191003420630942,"HEROMOTOCO.NS, M&M.NS, TITAN.NS, SBIN.NS, TCS.NS, TATACONSUM.NS, DRREDDY.NS, BAJAJ-AUTO.NS, ICICIBANK.NS, APOLLOHOSP.NS, HINDUNILVR.NS, HDFCBANK.NS, ONGC.NS, NESTLEIND.NS, HDFCLIFE.NS","M&M.NS, APOLLOHOSP.NS, ONGC.NS, TITAN.NS, TCS.NS, TATACONSUM.NS, DRREDDY.NS, HDFCBANK.NS, SBIN.NS, NESTLEIND.NS","BHARTIARTL.NS, WIPRO.NS, INFY.NS, ULTRACEMCO.NS, AXISBANK.NS, CIPLA.NS, TATASTEEL.NS, DIVISLAB.NS, BAJFINANCE.NS, HCLTECH.NS","['ICICIBANK.NS', 'BAJAJ-AUTO.NS', 'HINDUNILVR.NS', 'HDFCLIFE.NS', 'HEROMOTOCO.NS']",10,10,Validation
2024-07-05,rebalance,1.0,0.0011,"SBIN.NS, M&M.NS, COALINDIA.NS, ONGC.NS, NTPC.NS, SHRIRAMFIN.NS, BPCL.NS, HINDALCO.NS, BHARTIARTL.NS, ADANIPORTS.NS, BAJAJFINSV.NS, CIPLA.NS, LTIM.NS, DIVISLAB.NS, TCS.NS","ADANIPORTS.NS, BPCL.NS, M&M.NS, BHARTIARTL.NS, ONGC.NS, BAJAJFINSV.NS, CIPLA.NS, TCS.NS, SBIN.NS, HINDALCO.NS, DIVISLAB.NS, SHRIRAMFIN.NS, NTPC.NS, LTIM.NS, COALINDIA.NS",,[],15,0,Testing
2024-07-12,rebalance,1.5125436008335338,0.0016637979609168874,"ADANIPORTS.NS, TCS.NS, SHRIRAMFIN.NS, POWERGRID.NS, ULTRACEMCO.NS, ASIANPAINT.NS, JSWSTEEL.NS, ONGC.NS, NESTLEIND.NS, TATACONSUM.NS, HDFCBANK.NS, ITC.NS, GRASIM.NS, RELIANCE.NS, SUNPHARMA.NS","ULTRACEMCO.NS, JSWSTEEL.NS, HDFCBANK.NS, TATACONSUM.NS, GRASIM.NS, SUNPHARMA.NS, ASIANPAINT.NS, ITC.NS, RELIANCE.NS, POWERGRID.NS, NESTLEIND.NS","BPCL.NS, M&M.NS, BHARTIARTL.NS, NTPC.NS, BAJAJFINSV.NS, CIPLA.NS, SBIN.NS, DIVISLAB.NS, HINDALCO.NS, LTIM.NS, COALINDIA.NS","['ADANIPORTS.NS', 'ONGC.NS', 'TCS.NS', 'SHRIRAMFIN.NS']",11,11,Testing
2024-07-19,rebalance,0.8745645888199101,0.0009620210477019011,"ONGC.NS, ULTRACEMCO.NS, MARUTI.NS, POWERGRID.NS, SBIN.NS, GRASIM.NS, NESTLEIND.NS, TCS.NS, BAJAJFINSV.NS, KOTAKBANK.NS, SUNPHARMA.NS, RELIANCE.NS, SBILIFE.NS, DRREDDY.NS, ITC.NS","KOTAKBANK.NS, BAJAJFINSV.NS, DRREDDY.NS, SBILIFE.NS, SBIN.NS, MARUTI.NS","ADANIPORTS.NS, JSWSTEEL.NS, HDFCBANK.NS, TATACONSUM.NS, ASIANPAINT.NS, SHRIRAMFIN.NS","['ULTRACEMCO.NS', 'ONGC.NS', 'TCS.NS', 'GRASIM.NS', 'SUNPHARMA.NS', 'ITC.NS', 'RELIANCE.NS', 'POWERGRID.NS', 'NESTLEIND.NS']",6,6,Testing
2024-07-26,rebalance,1.3075044704656353,0.001438254917512199,"POWERGRID.NS, ONGC.NS, SBIN.NS, ADANIPORTS.NS, CIPLA.NS, COALINDIA.NS, BPCL.NS, TITAN.NS, GRASIM.NS, EICHERMOT.NS, DIVISLAB.NS, BHARTIARTL.NS, MARUTI.NS, ITC.NS, NTPC.NS","ADANIPORTS.NS, BPCL.NS, BHARTIARTL.NS, COALINDIA.NS, CIPLA.NS, TITAN.NS, DIVISLAB.NS, NTPC.NS, EICHERMOT.NS","KOTAKBANK.NS, ULTRACEMCO.NS, BAJAJFINSV.NS, TCS.NS, DRREDDY.NS, SUNPHARMA.NS, SBILIFE.NS, RELIANCE.NS, NESTLEIND.NS","['ONGC.NS', 'GRASIM.NS', 'SBIN.NS', 'ITC.NS', 'MARUTI.NS', 'POWERGRID.NS']",9,9,Testing
2024-08-02,rebalance,1.194279378435471,0.0013137073162790183,"ONGC.NS, BPCL.NS, POWERGRID.NS, CIPLA.NS, BRITANNIA.NS, SHRIRAMFIN.NS, ADANIPORTS.NS, BAJAJFINSV.NS, BHARTIARTL.NS, ASIANPAINT.NS, SUNPHARMA.NS, INFY.NS, HCLTECH.NS, MARUTI.NS, TECHM.NS","INFY.NS, BAJAJFINSV.NS, BRITANNIA.NS, TECHM.NS, SUNPHARMA.NS, ASIANPAINT.NS, SHRIRAMFIN.NS, HCLTECH.NS","COALINDIA.NS, TITAN.NS, GRASIM.NS, DIVISLAB.NS, SBIN.NS, ITC.NS, NTPC.NS, EICHERMOT.NS","['ADANIPORTS.NS', 'BPCL.NS', 'BHARTIARTL.NS', 'ONGC.NS', 'CIPLA.NS', 'MARUTI.NS', 'POWERGRID.NS']",8,8,Testing
2024-08-09,rebalance,1.3547122348680116,0.0014901834583548128,"ADANIPORTS.NS, BPCL.NS, INFY.NS, NTPC.NS, ONGC.NS, TATACONSUM.NS, SHRIRAMFIN.NS, APOLLOHOSP.NS, HDFCLIFE.NS, DIVISLAB.NS, TITAN.NS, TECHM.NS, SBILIFE.NS, TCS.NS, BAJAJ-AUTO.NS","APOLLOHOSP.NS, BAJAJ-AUTO.NS, TITAN.NS, TCS.NS, TATACONSUM.NS, SBILIFE.NS, DIVISLAB.NS, NTPC.NS, HDFCLIFE.NS","BHARTIARTL.NS, CIPLA.NS, BRITANNIA.NS, BAJAJFINSV.NS, SUNPHARMA.NS, ASIANPAINT.NS, MARUTI.NS, POWERGRID.NS, HCLTECH.NS","['ADANIPORTS.NS', 'BPCL.NS', 'INFY.NS', 'ONGC.NS', 'TECHM.NS', 'SHRIRAMFIN.NS']",9,9,Testing
2024-08-16,rebalance,0.7761766586612493,0.0008537943245273743,"NTPC.NS, TECHM.NS, SHRIRAMFIN.NS, BPCL.NS, HDFCLIFE.NS, INFY.NS, SUNPHARMA.NS, ASIANPAINT.NS, CIPLA.NS, TCS.NS, TITAN.NS, BAJAJ-AUTO.NS, APOLLOHOSP.NS, TRENT.NS, ITC.NS","TRENT.NS, CIPLA.NS, SUNPHARMA.NS, ASIANPAINT.NS, ITC.NS","ADANIPORTS.NS, ONGC.NS, TATACONSUM.NS, SBILIFE.NS, DIVISLAB.NS","['BPCL.NS', 'APOLLOHOSP.NS', 'BAJAJ-AUTO.NS', 'INFY.NS', 'TCS.NS', 'TITAN.NS', 'TECHM.NS', 'SHRIRAMFIN.NS', 'NTPC.NS', 'HDFCLIFE.NS']",5,5,Testing
2024-08-23,rebalance,0.9617627950840318,0.001057939074592435,"ADANIENT.NS, NTPC.NS, TRENT.NS, BAJAJ-AUTO.NS, BHARTIARTL.NS, SUNPHARMA.NS, HINDALCO.NS, KOTAKBANK.NS, DIVISLAB.NS, BAJAJFINSV.NS, TECHM.NS, BPCL.NS, TITAN.NS, ASIANPAINT.NS, COALINDIA.NS","BHARTIARTL.NS, KOTAKBANK.NS, BAJAJFINSV.NS, DIVISLAB.NS, ADANIENT.NS, HINDALCO.NS, COALINDIA.NS","APOLLOHOSP.NS, INFY.NS, CIPLA.NS, TCS.NS, SHRIRAMFIN.NS, ITC.NS, HDFCLIFE.NS","['BPCL.NS', 'BAJAJ-AUTO.NS', 'TRENT.NS', 'TITAN.NS', 'TECHM.NS', 'SUNPHARMA.NS', 'ASIANPAINT.NS', 'NTPC.NS']",7,7,Testing
2024-08-30,rebalance,1.0807960454963244,0.0011888756500459568,"BRITANNIA.NS, SHRIRAMFIN.NS, BAJFINANCE.NS, DRREDDY.NS, HINDUNILVR.NS, CIPLA.NS, TITAN.NS, BHARTIARTL.NS, BAJAJ-AUTO.NS, WIPRO.NS, HINDALCO.NS, SUNPHARMA.NS, DIVISLAB.NS, TECHM.NS, TRENT.NS","WIPRO.NS, CIPLA.NS, BRITANNIA.NS, DRREDDY.NS, HINDUNILVR.NS, BAJFINANCE.NS, SHRIRAMFIN.NS","BPCL.NS, KOTAKBANK.NS, BAJAJFINSV.NS, ASIANPAINT.NS, ADANIENT.NS, NTPC.NS, COALINDIA.NS","['BHARTIARTL.NS', 'BAJAJ-AUTO.NS', 'TRENT.NS', 'TITAN.NS', 'TECHM.NS', 'SUNPHARMA.NS', 'DIVISLAB.NS', 'HINDALCO.NS']",7,7,Testing
2024-09-06,rebalance,1.1421770792630659,0.0012563947871893726,"INDUSINDBK.NS, SHRIRAMFIN.NS, BAJAJFINSV.NS, HEROMOTOCO.NS, HINDUNILVR.NS, GRASIM.NS, ICICIBANK.NS, CIPLA.NS, JSWSTEEL.NS, LTIM.NS, BAJFINANCE.NS, BAJAJ-AUTO.NS, SUNPHARMA.NS, APOLLOHOSP.NS, TCS.NS","ICICIBANK.NS, APOLLOHOSP.NS, JSWSTEEL.NS, BAJAJFINSV.NS, TCS.NS, INDUSINDBK.NS, GRASIM.NS, LTIM.NS, HEROMOTOCO.NS","BHARTIARTL.NS, WIPRO.NS, TRENT.NS, BRITANNIA.NS, TITAN.NS, DRREDDY.NS, TECHM.NS, DIVISLAB.NS, HINDALCO.NS","['BAJAJ-AUTO.NS', 'CIPLA.NS', 'HINDUNILVR.NS', 'SUNPHARMA.NS', 'SHRIRAMFIN.NS', 'BAJFINANCE.NS']",9,9,Testing
2024-09-13,rebalance,1.6239321289872999,0.00178632534188603,"HDFCBANK.NS, TATASTEEL.NS, DIVISLAB.NS, KOTAKBANK.NS, HDFCLIFE.NS, SBILIFE.NS, TRENT.NS, ULTRACEMCO.NS, BPCL.NS, WIPRO.NS, AXISBANK.NS, ICICIBANK.NS, GRASIM.NS, TCS.NS, ITC.NS","BPCL.NS, WIPRO.NS, KOTAKBANK.NS, TRENT.NS, ULTRACEMCO.NS, AXISBANK.NS, HDFCBANK.NS, TATASTEEL.NS, SBILIFE.NS, DIVISLAB.NS, ITC.NS, HDFCLIFE.NS","APOLLOHOSP.NS, BAJAJ-AUTO.NS, JSWSTEEL.NS, BAJAJFINSV.NS, CIPLA.NS, INDUSINDBK.NS, HINDUNILVR.NS, SUNPHARMA.NS, SHRIRAMFIN.NS, BAJFINANCE.NS, LTIM.NS, HEROMOTOCO.NS","['GRASIM.NS', 'TCS.NS', 'ICICIBANK.NS']",12,12,Testing
2024-09-20,rebalance,1.2609982604149184,0.0013870980864564102,"M&M.NS, MARUTI.NS, INFY.NS, HDFCBANK.NS, ULTRACEMCO.NS, HCLTECH.NS, CIPLA.NS, DIVISLAB.NS, LT.NS, SUNPHARMA.NS, NTPC.NS, SBILIFE.NS, ASIANPAINT.NS, HEROMOTOCO.NS, AXISBANK.NS","LT.NS, M&M.NS, INFY.NS, CIPLA.NS, SUNPHARMA.NS, ASIANPAINT.NS, MARUTI.NS, NTPC.NS, HCLTECH.NS, HEROMOTOCO.NS","BPCL.NS, WIPRO.NS, KOTAKBANK.NS, ICICIBANK.NS, TRENT.NS, TCS.NS, TATASTEEL.NS, GRASIM.NS, ITC.NS, HDFCLIFE.NS","['ULTRACEMCO.NS', 'AXISBANK.NS', 'HDFCBANK.NS', 'SBILIFE.NS', 'DIVISLAB.NS']",10,10,Testing
2024-09-27,rebalance,1.2849648763482457,0.0014134613639830704,"BPCL.NS, DIVISLAB.NS, TATASTEEL.NS, INDUSINDBK.NS, KOTAKBANK.NS, ITC.NS, TRENT.NS, GRASIM.NS, ADANIENT.NS, ULTRACEMCO.NS, ICICIBANK.NS, ASIANPAINT.NS, MARUTI.NS, HDFCBANK.NS, EICHERMOT.NS","BPCL.NS, KOTAKBANK.NS, ICICIBANK.NS, TRENT.NS, TATASTEEL.NS, INDUSINDBK.NS, GRASIM.NS, ITC.NS, ADANIENT.NS, EICHERMOT.NS","LT.NS, M&M.NS, INFY.NS, AXISBANK.NS, CIPLA.NS, SUNPHARMA.NS, SBILIFE.NS, NTPC.NS, HCLTECH.NS, HEROMOTOCO.NS","['ULTRACEMCO.NS', 'HDFCBANK.NS', 'DIVISLAB.NS', 'ASIANPAINT.NS', 'MARUTI.NS']",10,10,Testing
2024-10-04,rebalance,1.4043453363822465,0.0015447798700204713,"BAJAJ-AUTO.NS, SHRIRAMFIN.NS, ADANIENT.NS, M&M.NS, NTPC.NS, DIVISLAB.NS, TRENT.NS, POWERGRID.NS, TATASTEEL.NS, MARUTI.NS, BHARTIARTL.NS, NESTLEIND.NS, SUNPHARMA.NS, JSWSTEEL.NS, BRITANNIA.NS","BHARTIARTL.NS, M&M.NS, BAJAJ-AUTO.NS, JSWSTEEL.NS, BRITANNIA.NS, SUNPHARMA.NS, SHRIRAMFIN.NS, POWERGRID.NS, NTPC.NS, NESTLEIND.NS","BPCL.NS, KOTAKBANK.NS, ICICIBANK.NS, ULTRACEMCO.NS, INDUSINDBK.NS, HDFCBANK.NS, GRASIM.NS, ASIANPAINT.NS, ITC.NS, EICHERMOT.NS","['TRENT.NS', 'MARUTI.NS', 'TATASTEEL.NS', 'DIVISLAB.NS', 'ADANIENT.NS']",10,10,Testing
2024-10-18,rebalance,1.3059761251698003,0.0014365737376867804,"COALINDIA.NS, HDFCLIFE.NS, SUNPHARMA.NS, BPCL.NS, JSWSTEEL.NS, DRREDDY.NS, TECHM.NS, TRENT.NS, SBIN.NS, M&M.NS, WIPRO.NS, TATASTEEL.NS, HINDALCO.NS, BHARTIARTL.NS, HCLTECH.NS","BPCL.NS, WIPRO.NS, COALINDIA.NS, DRREDDY.NS, TECHM.NS, HCLTECH.NS, SBIN.NS, HINDALCO.NS, HDFCLIFE.NS","BAJAJ-AUTO.NS, BRITANNIA.NS, ADANIENT.NS, DIVISLAB.NS, SHRIRAMFIN.NS, MARUTI.NS, POWERGRID.NS, NTPC.NS, NESTLEIND.NS","['BHARTIARTL.NS', 'M&M.NS', 'TRENT.NS', 'JSWSTEEL.NS', 'TATASTEEL.NS', 'SUNPHARMA.NS']",9,9,Testing
2024-12-06,rebalance,1.6471335977261772,0.001811846957498795,"ULTRACEMCO.NS, M&M.NS, DIVISLAB.NS, APOLLOHOSP.NS, ICICIBANK.NS, TITAN.NS, INFY.NS, GRASIM.NS, TECHM.NS, LTIM.NS, HCLTECH.NS, TCS.NS, POWERGRID.NS, LT.NS, HDFCBANK.NS","LT.NS, ICICIBANK.NS, APOLLOHOSP.NS, INFY.NS, ULTRACEMCO.NS, TITAN.NS, TCS.NS, HDFCBANK.NS, GRASIM.NS, DIVISLAB.NS, POWERGRID.NS, LTIM.NS","BPCL.NS, WIPRO.NS, BHARTIARTL.NS, COALINDIA.NS, TRENT.NS, JSWSTEEL.NS, DRREDDY.NS, TATASTEEL.NS, SUNPHARMA.NS, SBIN.NS, HINDALCO.NS, HDFCLIFE.NS","['M&M.NS', 'HCLTECH.NS', 'TECHM.NS']",12,12,Testing
2024-12-13,rebalance,1.4433127349588348,0.0015876440084547185,"TRENT.NS, SHRIRAMFIN.NS, HINDALCO.NS, JSWSTEEL.NS, KOTAKBANK.NS, APOLLOHOSP.NS, POWERGRID.NS, MARUTI.NS, TATASTEEL.NS, BAJFINANCE.NS, M&M.NS, BHARTIARTL.NS, GRASIM.NS, TITAN.NS, EICHERMOT.NS","BHARTIARTL.NS, KOTAKBANK.NS, TRENT.NS, JSWSTEEL.NS, TATASTEEL.NS, SHRIRAMFIN.NS, MARUTI.NS, BAJFINANCE.NS, HINDALCO.NS, EICHERMOT.NS","LT.NS, ICICIBANK.NS, INFY.NS, ULTRACEMCO.NS, TCS.NS, HDFCBANK.NS, TECHM.NS, DIVISLAB.NS, LTIM.NS, HCLTECH.NS","['M&M.NS', 'APOLLOHOSP.NS', 'TITAN.NS', 'GRASIM.NS', 'POWERGRID.NS']",10,10,Testing
2025-01-24,rebalance,1.0000000000000002,0.0011000000000000003,"SBILIFE.NS, BHARTIARTL.NS, WIPRO.NS, JSWSTEEL.NS, LTIM.NS, TATACONSUM.NS, RELIANCE.NS, ONGC.NS, TITAN.NS, BRITANNIA.NS, MARUTI.NS, KOTAKBANK.NS, BAJAJFINSV.NS, EICHERMOT.NS, BAJFINANCE.NS","BHARTIARTL.NS, WIPRO.NS, KOTAKBANK.NS, JSWSTEEL.NS, ONGC.NS, BRITANNIA.NS, TITAN.NS, BAJAJFINSV.NS, TATACONSUM.NS, SBILIFE.NS, BAJFINANCE.NS, MARUTI.NS, RELIANCE.NS, LTIM.NS, EICHERMOT.NS",,[],15,0,Paper_Trading_2025
2025-02-07,rebalance,1.5647118976460688,0.0017211830874106757,"ADANIENT.NS, NTPC.NS, JSWSTEEL.NS, SHRIRAMFIN.NS, M&M.NS, BHARTIARTL.NS, ICICIBANK.NS, GRASIM.NS, BAJAJ-AUTO.NS, HDFCBANK.NS, COALINDIA.NS, INDUSINDBK.NS, ULTRACEMCO.NS, HINDALCO.NS, MARUTI.NS","M&M.NS, ICICIBANK.NS, BAJAJ-AUTO.NS, NTPC.NS, ULTRACEMCO.NS, HDFCBANK.NS, INDUSINDBK.NS, GRASIM.NS, SHRIRAMFIN.NS, ADANIENT.NS, HINDALCO.NS, COALINDIA.NS","WIPRO.NS, KOTAKBANK.NS, ONGC.NS, BRITANNIA.NS, TITAN.NS, BAJAJFINSV.NS, TATACONSUM.NS, SBILIFE.NS, BAJFINANCE.NS, RELIANCE.NS, LTIM.NS, EICHERMOT.NS","['JSWSTEEL.NS', 'BHARTIARTL.NS', 'MARUTI.NS']",12,12,Paper_Trading_2025
2025-02-21,rebalance,1.3288095817164296,0.0014616905398880727,"SHRIRAMFIN.NS, MARUTI.NS, BAJFINANCE.NS, HDFCLIFE.NS, HDFCBANK.NS, TATACONSUM.NS, AXISBANK.NS, SBILIFE.NS, CIPLA.NS, DIVISLAB.NS, KOTAKBANK.NS, JSWSTEEL.NS, BHARTIARTL.NS, BAJAJFINSV.NS, TATASTEEL.NS","KOTAKBANK.NS, AXISBANK.NS, CIPLA.NS, BAJAJFINSV.NS, TATASTEEL.NS, TATACONSUM.NS, SBILIFE.NS, DIVISLAB.NS, BAJFINANCE.NS, HDFCLIFE.NS","M&M.NS, ICICIBANK.NS, BAJAJ-AUTO.NS, NTPC.NS, ULTRACEMCO.NS, INDUSINDBK.NS, GRASIM.NS, ADANIENT.NS, HINDALCO.NS, COALINDIA.NS","['BHARTIARTL.NS', 'JSWSTEEL.NS', 'HDFCBANK.NS', 'SHRIRAMFIN.NS', 'MARUTI.NS']",10,10,Paper_Trading_2025
2025-03-21,rebalance,1.3545482930512678,0.0014900031223563947,"TRENT.NS, ADANIENT.NS, POWERGRID.NS, LT.NS, ASIANPAINT.NS, HDFCBANK.NS, RELIANCE.NS, BAJFINANCE.NS, SBILIFE.NS, SHRIRAMFIN.NS, DRREDDY.NS, APOLLOHOSP.NS, ICICIBANK.NS, NESTLEIND.NS, AXISBANK.NS","LT.NS, APOLLOHOSP.NS, ICICIBANK.NS, TRENT.NS, DRREDDY.NS, ASIANPAINT.NS, ADANIENT.NS, RELIANCE.NS, POWERGRID.NS, NESTLEIND.NS","BHARTIARTL.NS, KOTAKBANK.NS, JSWSTEEL.NS, CIPLA.NS, BAJAJFINSV.NS, TATASTEEL.NS, TATACONSUM.NS, DIVISLAB.NS, MARUTI.NS, HDFCLIFE.NS","['AXISBANK.NS', 'HDFCBANK.NS', 'SBILIFE.NS', 'SHRIRAMFIN.NS', 'BAJFINANCE.NS']",10,10,Paper_Trading_2025
2025-03-28,rebalance,1.0153302450479018,0.001116863269552692,"TRENT.NS, ADANIENT.NS, ITC.NS, SUNPHARMA.NS, SHRIRAMFIN.NS, APOLLOHOSP.NS, HINDALCO.NS, DIVISLAB.NS, LT.NS, RELIANCE.NS, ULTRACEMCO.NS, HDFCBANK.NS, ONGC.NS, POWERGRID.NS, BHARTIARTL.NS","BHARTIARTL.NS, ULTRACEMCO.NS, ONGC.NS, SUNPHARMA.NS, DIVISLAB.NS, ITC.NS, HINDALCO.NS","ICICIBANK.NS, AXISBANK.NS, DRREDDY.NS, SBILIFE.NS, ASIANPAINT.NS, BAJFINANCE.NS, NESTLEIND.NS","['LT.NS', 'APOLLOHOSP.NS', 'TRENT.NS', 'HDFCBANK.NS', 'SHRIRAMFIN.NS', 'ADANIENT.NS', 'RELIANCE.NS', 'POWERGRID.NS']",7,7,Paper_Trading_2025
2025-04-04,rebalance,1.6627374371177828,0.0018290111808295611,"ADANIPORTS.NS, ADANIENT.NS, BAJFINANCE.NS, SBILIFE.NS, NTPC.NS, HINDUNILVR.NS, BRITANNIA.NS, ICICIBANK.NS, NESTLEIND.NS, KOTAKBANK.NS, HDFCLIFE.NS, TRENT.NS, SBIN.NS, EICHERMOT.NS, SUNPHARMA.NS","ADANIPORTS.NS, KOTAKBANK.NS, ICICIBANK.NS, HDFCLIFE.NS, BRITANNIA.NS, HINDUNILVR.NS, SBILIFE.NS, SBIN.NS, BAJFINANCE.NS, NTPC.NS, EICHERMOT.NS, NESTLEIND.NS","LT.NS, BHARTIARTL.NS, APOLLOHOSP.NS, ULTRACEMCO.NS, ONGC.NS, HDFCBANK.NS, DIVISLAB.NS, SHRIRAMFIN.NS, ITC.NS, RELIANCE.NS, HINDALCO.NS, POWERGRID.NS","['SUNPHARMA.NS', 'ADANIENT.NS', 'TRENT.NS']",12,12,Paper_Trading_2025
2025-04-11,rebalance,1.3173583360494896,0.0014490941696544387,"BAJAJ-AUTO.NS, COALINDIA.NS, AXISBANK.NS, ITC.NS, NTPC.NS, ADANIENT.NS, ULTRACEMCO.NS, ICICIBANK.NS, HDFCBANK.NS, BAJFINANCE.NS, SBILIFE.NS, TITAN.NS, SBIN.NS, BHARTIARTL.NS, APOLLOHOSP.NS","BHARTIARTL.NS, APOLLOHOSP.NS, BAJAJ-AUTO.NS, AXISBANK.NS, ULTRACEMCO.NS, TITAN.NS, HDFCBANK.NS, ITC.NS, COALINDIA.NS","ADANIPORTS.NS, KOTAKBANK.NS, HDFCLIFE.NS, TRENT.NS, BRITANNIA.NS, HINDUNILVR.NS, SUNPHARMA.NS, EICHERMOT.NS, NESTLEIND.NS","['ICICIBANK.NS', 'SBILIFE.NS', 'SBIN.NS', 'BAJFINANCE.NS', 'ADANIENT.NS', 'NTPC.NS']",9,9,Paper_Trading_2025
2025-04-25,rebalance,1.085410204536712,0.0011939512249903833,"BRITANNIA.NS, ITC.NS, BPCL.NS, M&M.NS, HINDUNILVR.NS, BHARTIARTL.NS, TITAN.NS, ASIANPAINT.NS, EICHERMOT.NS, ICICIBANK.NS, APOLLOHOSP.NS, NESTLEIND.NS, HDFCBANK.NS, SBILIFE.NS, POWERGRID.NS","BPCL.NS, M&M.NS, BRITANNIA.NS, HINDUNILVR.NS, ASIANPAINT.NS, POWERGRID.NS, EICHERMOT.NS, NESTLEIND.NS","BAJAJ-AUTO.NS, AXISBANK.NS, ULTRACEMCO.NS, SBIN.NS, BAJFINANCE.NS, ADANIENT.NS, NTPC.NS, COALINDIA.NS","['BHARTIARTL.NS', 'ICICIBANK.NS', 'APOLLOHOSP.NS', 'TITAN.NS', 'HDFCBANK.NS', 'SBILIFE.NS', 'ITC.NS']",8,8,Paper_Trading_2025
2025-05-02,rebalance,0.8607493006026091,0.0009468242306628701,"TECHM.NS, DRREDDY.NS, M&M.NS, ITC.NS, ASIANPAINT.NS, APOLLOHOSP.NS, NESTLEIND.NS, HINDUNILVR.NS, ADANIPORTS.NS, BRITANNIA.NS, POWERGRID.NS, MARUTI.NS, DIVISLAB.NS, AXISBANK.NS, INDUSINDBK.NS","ADANIPORTS.NS, AXISBANK.NS, DRREDDY.NS, TECHM.NS, INDUSINDBK.NS, DIVISLAB.NS, MARUTI.NS","BPCL.NS, BHARTIARTL.NS, ICICIBANK.NS, TITAN.NS, HDFCBANK.NS, SBILIFE.NS, EICHERMOT.NS","['M&M.NS', 'APOLLOHOSP.NS', 'BRITANNIA.NS', 'HINDUNILVR.NS', 'ASIANPAINT.NS', 'ITC.NS', 'POWERGRID.NS', 'NESTLEIND.NS']",7,7,Paper_Trading_2025
2025-05-09,rebalance,1.254629706474235,0.0013800926771216587,"LTIM.NS, TRENT.NS, INDUSINDBK.NS, RELIANCE.NS, TATACONSUM.NS, M&M.NS, BPCL.NS, TCS.NS, TECHM.NS, MARUTI.NS, GRASIM.NS, NESTLEIND.NS, KOTAKBANK.NS, DRREDDY.NS, INFY.NS","BPCL.NS, KOTAKBANK.NS, INFY.NS, TRENT.NS, TCS.NS, TATACONSUM.NS, GRASIM.NS, RELIANCE.NS, LTIM.NS","ADANIPORTS.NS, APOLLOHOSP.NS, AXISBANK.NS, BRITANNIA.NS, HINDUNILVR.NS, DIVISLAB.NS, ASIANPAINT.NS, ITC.NS, POWERGRID.NS","['M&M.NS', 'DRREDDY.NS', 'INDUSINDBK.NS', 'TECHM.NS', 'MARUTI.NS', 'NESTLEIND.NS']",9,9,Paper_Trading_2025
2025-05-16,rebalance,0.8707134617399043,0.0009577848079138948,"TECHM.NS, ITC.NS, LTIM.NS, TATASTEEL.NS, TITAN.NS, SUNPHARMA.NS, DRREDDY.NS, TCS.NS, WIPRO.NS, INFY.NS, RELIANCE.NS, TATACONSUM.NS, ONGC.NS, MARUTI.NS, M&M.NS","WIPRO.NS, ONGC.NS, TITAN.NS, TATASTEEL.NS, SUNPHARMA.NS, ITC.NS","BPCL.NS, KOTAKBANK.NS, TRENT.NS, INDUSINDBK.NS, GRASIM.NS, NESTLEIND.NS","['M&M.NS', 'INFY.NS', 'TCS.NS', 'DRREDDY.NS', 'TECHM.NS', 'TATACONSUM.NS', 'MARUTI.NS', 'RELIANCE.NS', 'LTIM.NS']",6,6,Paper_Trading_2025
2025-05-23,rebalance,0.803448368317705,0.0008837932051494757,"TRENT.NS, TECHM.NS, HINDALCO.NS, ADANIENT.NS, TITAN.NS, M&M.NS, DRREDDY.NS, TATASTEEL.NS, TCS.NS, MARUTI.NS, RELIANCE.NS, HCLTECH.NS, INFY.NS, ADANIPORTS.NS, LT.NS","ADANIPORTS.NS, LT.NS, TRENT.NS, ADANIENT.NS, HINDALCO.NS, HCLTECH.NS","WIPRO.NS, ONGC.NS, TATACONSUM.NS, SUNPHARMA.NS, ITC.NS, LTIM.NS","['M&M.NS', 'INFY.NS', 'TITAN.NS', 'DRREDDY.NS', 'TECHM.NS', 'TATASTEEL.NS', 'TCS.NS', 'MARUTI.NS', 'RELIANCE.NS']",6,6,Paper_Trading_2025
2025-05-30,rebalance,1.3153745454437378,0.0014469119999881116,"BAJFINANCE.NS, BAJAJFINSV.NS, COALINDIA.NS, TATASTEEL.NS, TECHM.NS, JSWSTEEL.NS, BRITANNIA.NS, SHRIRAMFIN.NS, WIPRO.NS, HEROMOTOCO.NS, NESTLEIND.NS, LT.NS, BAJAJ-AUTO.NS, M&M.NS, DRREDDY.NS","WIPRO.NS, BAJAJ-AUTO.NS, JSWSTEEL.NS, BAJAJFINSV.NS, BRITANNIA.NS, BAJFINANCE.NS, SHRIRAMFIN.NS, HEROMOTOCO.NS, COALINDIA.NS, NESTLEIND.NS","ADANIPORTS.NS, INFY.NS, TRENT.NS, TITAN.NS, TCS.NS, ADANIENT.NS, MARUTI.NS, RELIANCE.NS, HINDALCO.NS, HCLTECH.NS","['LT.NS', 'M&M.NS', 'DRREDDY.NS', 'TATASTEEL.NS', 'TECHM.NS']",10,10,Paper_Trading_2025
2025-06-06,rebalance,1.3319436878219562,0.0014651380566041519,"BAJFINANCE.NS, HINDUNILVR.NS, ICICIBANK.NS, HDFCBANK.NS, SBIN.NS, WIPRO.NS, HDFCLIFE.NS, SHRIRAMFIN.NS, BPCL.NS, JSWSTEEL.NS, APOLLOHOSP.NS, AXISBANK.NS, NESTLEIND.NS, SBILIFE.NS, COALINDIA.NS","BPCL.NS, ICICIBANK.NS, APOLLOHOSP.NS, AXISBANK.NS, HDFCBANK.NS, HINDUNILVR.NS, SBILIFE.NS, SBIN.NS, HDFCLIFE.NS","LT.NS, M&M.NS, BAJAJ-AUTO.NS, BAJAJFINSV.NS, BRITANNIA.NS, TATASTEEL.NS, TECHM.NS, DRREDDY.NS, HEROMOTOCO.NS","['WIPRO.NS', 'JSWSTEEL.NS', 'BAJFINANCE.NS', 'SHRIRAMFIN.NS', 'COALINDIA.NS', 'NESTLEIND.NS']",9,9,Paper_Trading_2025
2025-06-20,rebalance,2.0000000000000004,0.0022000000000000006,"EICHERMOT.NS, GRASIM.NS, RELIANCE.NS, DRREDDY.NS, KOTAKBANK.NS, ONGC.NS, BHARTIARTL.NS, M&M.NS, MARUTI.NS, INDUSINDBK.NS, LTIM.NS, TRENT.NS, HCLTECH.NS, INFY.NS, TECHM.NS","EICHERMOT.NS, BHARTIARTL.NS, M&M.NS, KOTAKBANK.NS, INFY.NS, TRENT.NS, ONGC.NS, DRREDDY.NS, INDUSINDBK.NS, TECHM.NS, GRASIM.NS, MARUTI.NS, RELIANCE.NS, LTIM.NS, HCLTECH.NS","WIPRO.NS, BPCL.NS, ICICIBANK.NS, APOLLOHOSP.NS, HDFCLIFE.NS, JSWSTEEL.NS, AXISBANK.NS, HDFCBANK.NS, HINDUNILVR.NS, SBILIFE.NS, SBIN.NS, BAJFINANCE.NS, SHRIRAMFIN.NS, COALINDIA.NS, NESTLEIND.NS",[],15,15,Paper_Trading_2025
2025-06-27,rebalance,1.5453774789956356,0.0016999152268951992,"HINDALCO.NS, NESTLEIND.NS, POWERGRID.NS, GRASIM.NS, APOLLOHOSP.NS, HDFCBANK.NS, ASIANPAINT.NS, CIPLA.NS, MARUTI.NS, ULTRACEMCO.NS, BAJFINANCE.NS, INDUSINDBK.NS, LTIM.NS, TITAN.NS, ADANIENT.NS","APOLLOHOSP.NS, ULTRACEMCO.NS, CIPLA.NS, TITAN.NS, HDFCBANK.NS, ASIANPAINT.NS, BAJFINANCE.NS, ADANIENT.NS, POWERGRID.NS, HINDALCO.NS, NESTLEIND.NS","EICHERMOT.NS, BHARTIARTL.NS, M&M.NS, KOTAKBANK.NS, INFY.NS, TRENT.NS, ONGC.NS, DRREDDY.NS, TECHM.NS, RELIANCE.NS, HCLTECH.NS","['GRASIM.NS', 'LTIM.NS', 'INDUSINDBK.NS', 'MARUTI.NS']",11,11,Paper_Trading_2025
2025-07-04,rebalance,1.2598254587093083,0.0013858080045802393,"HDFCLIFE.NS, HCLTECH.NS, LTIM.NS, TATASTEEL.NS, GRASIM.NS, KOTAKBANK.NS, ASIANPAINT.NS, TECHM.NS, EICHERMOT.NS, APOLLOHOSP.NS, ULTRACEMCO.NS, BRITANNIA.NS, ADANIENT.NS, ONGC.NS, DIVISLAB.NS","KOTAKBANK.NS, HDFCLIFE.NS, ONGC.NS, BRITANNIA.NS, TATASTEEL.NS, TECHM.NS, HCLTECH.NS, DIVISLAB.NS, EICHERMOT.NS","CIPLA.NS, TITAN.NS, HDFCBANK.NS, INDUSINDBK.NS, BAJFINANCE.NS, MARUTI.NS, POWERGRID.NS, HINDALCO.NS, NESTLEIND.NS","['APOLLOHOSP.NS', 'ULTRACEMCO.NS', 'GRASIM.NS', 'ASIANPAINT.NS', 'ADANIENT.NS', 'LTIM.NS']",9,9,Paper_Trading_2025
2025-07-11,rebalance,1.3633531244115977,0.0014996884368527576,"SBIN.NS, HDFCBANK.NS, NTPC.NS, EICHERMOT.NS, SBILIFE.NS, INDUSINDBK.NS, POWERGRID.NS, TATASTEEL.NS, ULTRACEMCO.NS, GRASIM.NS, DIVISLAB.NS, HINDUNILVR.NS, RELIANCE.NS, JSWSTEEL.NS, BPCL.NS","BPCL.NS, JSWSTEEL.NS, HDFCBANK.NS, INDUSINDBK.NS, HINDUNILVR.NS, SBILIFE.NS, SBIN.NS, RELIANCE.NS, NTPC.NS, POWERGRID.NS","KOTAKBANK.NS, APOLLOHOSP.NS, HDFCLIFE.NS, ONGC.NS, BRITANNIA.NS, TECHM.NS, ASIANPAINT.NS, ADANIENT.NS, LTIM.NS, HCLTECH.NS","['ULTRACEMCO.NS', 'TATASTEEL.NS', 'GRASIM.NS', 'DIVISLAB.NS', 'EICHERMOT.NS']",10,10,Paper_Trading_2025
2025-07-18,rebalance,1.1059188444137946,0.0012165107288551742,"NTPC.NS, SBIN.NS, BAJFINANCE.NS, TATASTEEL.NS, ADANIENT.NS, ASIANPAINT.NS, NESTLEIND.NS, BAJAJFINSV.NS, BPCL.NS, ADANIPORTS.NS, DIVISLAB.NS, JSWSTEEL.NS, ULTRACEMCO.NS, BRITANNIA.NS, HINDALCO.NS","ADANIPORTS.NS, BAJAJFINSV.NS, BRITANNIA.NS, ASIANPAINT.NS, BAJFINANCE.NS, ADANIENT.NS, HINDALCO.NS, NESTLEIND.NS","HDFCBANK.NS, INDUSINDBK.NS, GRASIM.NS, HINDUNILVR.NS, SBILIFE.NS, RELIANCE.NS, POWERGRID.NS, EICHERMOT.NS","['BPCL.NS', 'JSWSTEEL.NS', 'ULTRACEMCO.NS', 'TATASTEEL.NS', 'SBIN.NS', 'DIVISLAB.NS', 'NTPC.NS']",8,8,Paper_Trading_2025
2025-08-22,rebalance,1.6158043896344636,0.00177738482859791,"HEROMOTOCO.NS, JSWSTEEL.NS, SBILIFE.NS, BAJAJ-AUTO.NS, LT.NS, TRENT.NS, ULTRACEMCO.NS, GRASIM.NS, MARUTI.NS, TITAN.NS, M&M.NS, HDFCLIFE.NS, CIPLA.NS, EICHERMOT.NS, ASIANPAINT.NS","LT.NS, M&M.NS, BAJAJ-AUTO.NS, HDFCLIFE.NS, TRENT.NS, CIPLA.NS, TITAN.NS, GRASIM.NS, SBILIFE.NS, MARUTI.NS, EICHERMOT.NS, HEROMOTOCO.NS","ADANIPORTS.NS, BPCL.NS, NTPC.NS, BAJAJFINSV.NS, BRITANNIA.NS, TATASTEEL.NS, SBIN.NS, DIVISLAB.NS, BAJFINANCE.NS, ADANIENT.NS, HINDALCO.NS, NESTLEIND.NS","['JSWSTEEL.NS', 'ULTRACEMCO.NS', 'ASIANPAINT.NS']",12,12,Paper_Trading_2025
2025-09-05,rebalance,1.2771319767717202,0.0014048451744488922,"COALINDIA.NS, BRITANNIA.NS, DRREDDY.NS, TATASTEEL.NS, EICHERMOT.NS, BAJFINANCE.NS, BAJAJFINSV.NS, LTIM.NS, NESTLEIND.NS, ULTRACEMCO.NS, HINDALCO.NS, CIPLA.NS, APOLLOHOSP.NS, TITAN.NS, ASIANPAINT.NS","APOLLOHOSP.NS, BAJAJFINSV.NS, BRITANNIA.NS, TATASTEEL.NS, DRREDDY.NS, BAJFINANCE.NS, HINDALCO.NS, LTIM.NS, COALINDIA.NS, NESTLEIND.NS","LT.NS, M&M.NS, BAJAJ-AUTO.NS, TRENT.NS, JSWSTEEL.NS, GRASIM.NS, SBILIFE.NS, MARUTI.NS, HDFCLIFE.NS, HEROMOTOCO.NS","['ULTRACEMCO.NS', 'CIPLA.NS', 'TITAN.NS', 'ASIANPAINT.NS', 'EICHERMOT.NS']",10,10,Paper_Trading_2025
2025-09-12,rebalance,1.1760146099541904,0.0012936160709496095,"SHRIRAMFIN.NS, COALINDIA.NS, INFY.NS, BAJFINANCE.NS, GRASIM.NS, TITAN.NS, HEROMOTOCO.NS, TATACONSUM.NS, WIPRO.NS, AXISBANK.NS, ADANIENT.NS, LTIM.NS, NESTLEIND.NS, ADANIPORTS.NS, BAJAJFINSV.NS","ADANIPORTS.NS, WIPRO.NS, INFY.NS, AXISBANK.NS, TATACONSUM.NS, GRASIM.NS, SHRIRAMFIN.NS, ADANIENT.NS, HEROMOTOCO.NS","APOLLOHOSP.NS, ULTRACEMCO.NS, CIPLA.NS, BRITANNIA.NS, TATASTEEL.NS, DRREDDY.NS, ASIANPAINT.NS, HINDALCO.NS, EICHERMOT.NS","['BAJAJFINSV.NS', 'TITAN.NS', 'BAJFINANCE.NS', 'LTIM.NS', 'COALINDIA.NS', 'NESTLEIND.NS']",9,9,Paper_Trading_2025
2025-09-19,rebalance,1.0530413243946708,0.0011583454568341379,"COALINDIA.NS, SHRIRAMFIN.NS, DIVISLAB.NS, TCS.NS, HEROMOTOCO.NS, BAJFINANCE.NS, SBIN.NS, TECHM.NS, WIPRO.NS, AXISBANK.NS, BRITANNIA.NS, ADANIPORTS.NS, BPCL.NS, TATACONSUM.NS, BAJAJ-AUTO.NS","BPCL.NS, BAJAJ-AUTO.NS, BRITANNIA.NS, TCS.NS, TECHM.NS, DIVISLAB.NS, SBIN.NS","INFY.NS, BAJAJFINSV.NS, TITAN.NS, GRASIM.NS, ADANIENT.NS, LTIM.NS, NESTLEIND.NS","['ADANIPORTS.NS', 'WIPRO.NS', 'AXISBANK.NS', 'TATACONSUM.NS', 'SHRIRAMFIN.NS', 'BAJFINANCE.NS', 'COALINDIA.NS', 'HEROMOTOCO.NS']",7,7,Paper_Trading_2025
2025-09-26,rebalance,0.9276735848501977,0.0010204409433352175,"M&M.NS, COALINDIA.NS, ADANIENT.NS, HEROMOTOCO.NS, ADANIPORTS.NS, NTPC.NS, LT.NS, BPCL.NS, POWERGRID.NS, HINDALCO.NS, SHRIRAMFIN.NS, BAJAJFINSV.NS, BAJFINANCE.NS, SBIN.NS, AXISBANK.NS","LT.NS, M&M.NS, NTPC.NS, BAJAJFINSV.NS, ADANIENT.NS, POWERGRID.NS, HINDALCO.NS","WIPRO.NS, BAJAJ-AUTO.NS, BRITANNIA.NS, TCS.NS, TECHM.NS, TATACONSUM.NS, DIVISLAB.NS","['ADANIPORTS.NS', 'BPCL.NS', 'AXISBANK.NS', 'SBIN.NS', 'SHRIRAMFIN.NS', 'BAJFINANCE.NS', 'COALINDIA.NS', 'HEROMOTOCO.NS']",7,7,Paper_Trading_2025
2025-10-03,rebalance,0.9019110697991237,0.0009921021767790362,"TATASTEEL.NS, LT.NS, ONGC.NS, SUNPHARMA.NS, BAJFINANCE.NS, POWERGRID.NS, NTPC.NS, ADANIPORTS.NS, SHRIRAMFIN.NS, KOTAKBANK.NS, SBIN.NS, BPCL.NS, HEROMOTOCO.NS, TATACONSUM.NS, MARUTI.NS","KOTAKBANK.NS, ONGC.NS, TATASTEEL.NS, TATACONSUM.NS, SUNPHARMA.NS, MARUTI.NS","M&M.NS, AXISBANK.NS, BAJAJFINSV.NS, ADANIENT.NS, HINDALCO.NS, COALINDIA.NS","['ADANIPORTS.NS', 'LT.NS', 'BPCL.NS', 'SBIN.NS', 'BAJFINANCE.NS', 'SHRIRAMFIN.NS', 'POWERGRID.NS', 'NTPC.NS', 'HEROMOTOCO.NS']",6,6,Paper_Trading_2025
2025-10-10,rebalance,0.7733168657944672,0.000850648552373914,"ONGC.NS, DIVISLAB.NS, NTPC.NS, SUNPHARMA.NS, SBIN.NS, MARUTI.NS, LT.NS, ADANIENT.NS, EICHERMOT.NS, BPCL.NS, KOTAKBANK.NS, HINDALCO.NS, JSWSTEEL.NS, LTIM.NS, TATASTEEL.NS","JSWSTEEL.NS, DIVISLAB.NS, ADANIENT.NS, HINDALCO.NS, LTIM.NS, EICHERMOT.NS","ADANIPORTS.NS, TATACONSUM.NS, SHRIRAMFIN.NS, BAJFINANCE.NS, POWERGRID.NS, HEROMOTOCO.NS","['LT.NS', 'BPCL.NS', 'KOTAKBANK.NS', 'ONGC.NS', 'TATASTEEL.NS', 'SUNPHARMA.NS', 'SBIN.NS', 'MARUTI.NS', 'NTPC.NS']",6,6,Paper_Trading_2025
2025-10-17,rebalance,1.0600533533831071,0.001166058688721418,"ONGC.NS, HDFCBANK.NS, NESTLEIND.NS, BHARTIARTL.NS, TATACONSUM.NS, INDUSINDBK.NS, SBIN.NS, HINDALCO.NS, ADANIPORTS.NS, JSWSTEEL.NS, DIVISLAB.NS, BPCL.NS, HEROMOTOCO.NS, LT.NS, TITAN.NS","ADANIPORTS.NS, BHARTIARTL.NS, TITAN.NS, HDFCBANK.NS, TATACONSUM.NS, INDUSINDBK.NS, NESTLEIND.NS, HEROMOTOCO.NS","KOTAKBANK.NS, ADANIENT.NS, TATASTEEL.NS, SUNPHARMA.NS, MARUTI.NS, NTPC.NS, LTIM.NS, EICHERMOT.NS","['BPCL.NS', 'LT.NS', 'JSWSTEEL.NS', 'ONGC.NS', 'SBIN.NS', 'DIVISLAB.NS', 'HINDALCO.NS']",8,8,Paper_Trading_2025
2025-10-24,rebalance,1.0744450719726584,0.0011818895791699242,"SUNPHARMA.NS, ITC.NS, HDFCBANK.NS, BAJAJ-AUTO.NS, APOLLOHOSP.NS, NESTLEIND.NS, KOTAKBANK.NS, CIPLA.NS, ONGC.NS, TITAN.NS, HINDALCO.NS, RELIANCE.NS, LT.NS, INFY.NS, DIVISLAB.NS","KOTAKBANK.NS, APOLLOHOSP.NS, INFY.NS, BAJAJ-AUTO.NS, CIPLA.NS, SUNPHARMA.NS, ITC.NS, RELIANCE.NS","ADANIPORTS.NS, BHARTIARTL.NS, BPCL.NS, JSWSTEEL.NS, INDUSINDBK.NS, TATACONSUM.NS, SBIN.NS, HEROMOTOCO.NS","['LT.NS', 'ONGC.NS', 'TITAN.NS', 'HDFCBANK.NS', 'DIVISLAB.NS', 'HINDALCO.NS', 'NESTLEIND.NS']",8,8,Paper_Trading_2025
2025-10-31,rebalance,1.3961518659780068,0.0015357670525758076,"SUNPHARMA.NS, ITC.NS, HDFCBANK.NS, HEROMOTOCO.NS, TCS.NS, INFY.NS, ASIANPAINT.NS, POWERGRID.NS, BAJFINANCE.NS, SBILIFE.NS, TATASTEEL.NS, ADANIPORTS.NS, BAJAJFINSV.NS, GRASIM.NS, INDUSINDBK.NS","ADANIPORTS.NS, BAJAJFINSV.NS, TCS.NS, TATASTEEL.NS, INDUSINDBK.NS, GRASIM.NS, SBILIFE.NS, ASIANPAINT.NS, BAJFINANCE.NS, POWERGRID.NS, HEROMOTOCO.NS","LT.NS, KOTAKBANK.NS, APOLLOHOSP.NS, BAJAJ-AUTO.NS, CIPLA.NS, ONGC.NS, TITAN.NS, DIVISLAB.NS, RELIANCE.NS, HINDALCO.NS, NESTLEIND.NS","['SUNPHARMA.NS', 'HDFCBANK.NS', 'INFY.NS', 'ITC.NS']",11,11,Paper_Trading_2025
2025-11-07,rebalance,1.4144556378510358,0.0015559012016361394,"M&M.NS, BRITANNIA.NS, ONGC.NS, AXISBANK.NS, ADANIPORTS.NS, SHRIRAMFIN.NS, LT.NS, ASIANPAINT.NS, HINDALCO.NS, BAJAJFINSV.NS, BAJFINANCE.NS, LTIM.NS, NESTLEIND.NS, SBILIFE.NS, RELIANCE.NS","LT.NS, M&M.NS, AXISBANK.NS, ONGC.NS, BRITANNIA.NS, SHRIRAMFIN.NS, RELIANCE.NS, HINDALCO.NS, LTIM.NS, NESTLEIND.NS","INFY.NS, TCS.NS, TATASTEEL.NS, HDFCBANK.NS, INDUSINDBK.NS, GRASIM.NS, SUNPHARMA.NS, ITC.NS, POWERGRID.NS, HEROMOTOCO.NS","['ADANIPORTS.NS', 'BAJAJFINSV.NS', 'SBILIFE.NS', 'ASIANPAINT.NS', 'BAJFINANCE.NS']",10,10,Paper_Trading_2025
2025-11-14,rebalance,1.0185113391940657,0.0011203624731134724,"TCS.NS, SHRIRAMFIN.NS, RELIANCE.NS, AXISBANK.NS, HINDALCO.NS, SBILIFE.NS, M&M.NS, ASIANPAINT.NS, SUNPHARMA.NS, LT.NS, BHARTIARTL.NS, SBIN.NS, HDFCLIFE.NS, INFY.NS, INDUSINDBK.NS","BHARTIARTL.NS, INFY.NS, TCS.NS, INDUSINDBK.NS, SUNPHARMA.NS, SBIN.NS, HDFCLIFE.NS","ADANIPORTS.NS, ONGC.NS, BRITANNIA.NS, BAJAJFINSV.NS, BAJFINANCE.NS, LTIM.NS, NESTLEIND.NS","['LT.NS', 'M&M.NS', 'AXISBANK.NS', 'SBILIFE.NS', 'ASIANPAINT.NS', 'SHRIRAMFIN.NS', 'RELIANCE.NS', 'HINDALCO.NS']",7,7,Paper_Trading_2025
2025-11-21,rebalance,0.6033688062647606,0.0006637056868912367,"EICHERMOT.NS, TCS.NS, HDFCLIFE.NS, HEROMOTOCO.NS, SBILIFE.NS, SBIN.NS, SHRIRAMFIN.NS, ADANIPORTS.NS, BPCL.NS, TATACONSUM.NS, RELIANCE.NS, M&M.NS, LT.NS, SUNPHARMA.NS, INDUSINDBK.NS","ADANIPORTS.NS, BPCL.NS, TATACONSUM.NS, EICHERMOT.NS, HEROMOTOCO.NS","BHARTIARTL.NS, INFY.NS, AXISBANK.NS, ASIANPAINT.NS, HINDALCO.NS","['LT.NS', 'M&M.NS', 'TCS.NS', 'INDUSINDBK.NS', 'SUNPHARMA.NS', 'SBILIFE.NS', 'SBIN.NS', 'SHRIRAMFIN.NS', 'RELIANCE.NS', 'HDFCLIFE.NS']",5,5,Paper_Trading_2025
2025-11-28,rebalance,1.0630937501403472,0.001169403125154382,"TCS.NS, ICICIBANK.NS, SBIN.NS, BAJAJ-AUTO.NS, M&M.NS, WIPRO.NS, ADANIPORTS.NS, HDFCBANK.NS, DRREDDY.NS, BHARTIARTL.NS, TECHM.NS, HDFCLIFE.NS, INDUSINDBK.NS, INFY.NS, SUNPHARMA.NS","WIPRO.NS, BHARTIARTL.NS, ICICIBANK.NS, INFY.NS, BAJAJ-AUTO.NS, HDFCBANK.NS, DRREDDY.NS, TECHM.NS","BPCL.NS, LT.NS, TATACONSUM.NS, SBILIFE.NS, SHRIRAMFIN.NS, RELIANCE.NS, EICHERMOT.NS, HEROMOTOCO.NS","['ADANIPORTS.NS', 'M&M.NS', 'TCS.NS', 'INDUSINDBK.NS', 'SUNPHARMA.NS', 'SBIN.NS', 'HDFCLIFE.NS']",8,8,Paper_Trading_2025
2025-12-05,rebalance,0.7039182620396726,0.0007743100882436399,"ICICIBANK.NS, SUNPHARMA.NS, LT.NS, ADANIPORTS.NS, TCS.NS, DRREDDY.NS, MARUTI.NS, KOTAKBANK.NS, BHARTIARTL.NS, HDFCBANK.NS, BAJAJ-AUTO.NS, WIPRO.NS, EICHERMOT.NS, HDFCLIFE.NS, HEROMOTOCO.NS","LT.NS, KOTAKBANK.NS, MARUTI.NS, EICHERMOT.NS, HEROMOTOCO.NS","M&M.NS, INFY.NS, INDUSINDBK.NS, TECHM.NS, SBIN.NS","['ADANIPORTS.NS', 'BHARTIARTL.NS', 'WIPRO.NS', 'ICICIBANK.NS', 'BAJAJ-AUTO.NS', 'TCS.NS', 'DRREDDY.NS', 'HDFCBANK.NS', 'SUNPHARMA.NS', 'HDFCLIFE.NS']",5,5,Paper_Trading_2025
2025-12-12,rebalance,1.0552423251232996,0.0011607665576356297,"MARUTI.NS, SHRIRAMFIN.NS, TCS.NS, RELIANCE.NS, DRREDDY.NS, SUNPHARMA.NS, AXISBANK.NS, KOTAKBANK.NS, EICHERMOT.NS, TECHM.NS, WIPRO.NS, HCLTECH.NS, LTIM.NS, INFY.NS, HINDALCO.NS","INFY.NS, AXISBANK.NS, TECHM.NS, SHRIRAMFIN.NS, RELIANCE.NS, HINDALCO.NS, LTIM.NS, HCLTECH.NS","ADANIPORTS.NS, LT.NS, BHARTIARTL.NS, ICICIBANK.NS, BAJAJ-AUTO.NS, HDFCBANK.NS, HDFCLIFE.NS, HEROMOTOCO.NS","['WIPRO.NS', 'KOTAKBANK.NS', 'TCS.NS', 'DRREDDY.NS', 'SUNPHARMA.NS', 'MARUTI.NS', 'EICHERMOT.NS']",8,8,Paper_Trading_2025
